{
  "ann_metrics_test": {
    "Model": "ANN (thr tuned on val; calibrated)",
    "Accuracy": 0.9711538461538461,
    "Precision": 0.9552238805970149,
    "Recall": 1.0,
    "F1": 0.9770992366412213,
    "ROC_AUC": 0.99921875
  },
  "ann_threshold_validation": 0.5,
  "ann_classification_report_test": {
    "0": {
      "precision": 1.0,
      "recall": 0.925,
      "f1-score": 0.961038961038961,
      "support": 40.0
    },
    "1": {
      "precision": 0.9552238805970149,
      "recall": 1.0,
      "f1-score": 0.9770992366412213,
      "support": 64.0
    },
    "accuracy": 0.9711538461538461,
    "macro avg": {
      "precision": 0.9776119402985075,
      "recall": 0.9625,
      "f1-score": 0.9690690988400912,
      "support": 104.0
    },
    "weighted avg": {
      "precision": 0.9724454649827785,
      "recall": 0.9711538461538461,
      "f1-score": 0.9709222075634288,
      "support": 104.0
    }
  },
  "ann_confusion_matrix_test": [
    [
      37,
      3
    ],
    [
      0,
      64
    ]
  ]
}